Method,Mean Pos Error (m),Median Pos Error (m),95% Pos Error (m),Max Pos Error (m),Mean Ori Error (deg),Median Ori Error (deg),95% Ori Error (deg),Max Ori Error (deg),Avg Time (ms),Position Success Rate <10cm (%)
NN Angle Loss,1.1679028933520668,1.0334190528966611,2.5753547850179532,4.892010762262486,74.7313446050298,64.95473702506276,165.33634832760688,179.96197889332996,0.7550159800014626,0.32
NN FK Loss,0.08903556460136569,0.07038531322144881,0.21826652312131148,0.7486865247515313,76.67436959071593,72.1868395959053,152.4175248708086,179.8940565246528,0.7250704600030076,74.36
